{"cameraMode":{"drawMode":0,"name":"Shaded","section":"Shading Mode"},"sceneLighting":false,"audioPlay":false,"sceneViewState":{"showFog":true,"showMaterialUpdate":false,"showSkybox":false,"showFlares":true,"showImageEffects":true,"showParticleSystems":true},"in2DMode":false,"pivot":{"x":9.23161792755127,"y":2.9005556106567385,"z":1.6428089141845704},"rotation":{"x":0.14597609639167787,"y":-0.8053850531578064,"z":0.22155962884426118,"w":0.5302761793136597},"size":1.8123724460601807,"orthographic":false}