{"cameraMode":{"drawMode":0,"name":"Shaded","section":"Shading Mode"},"sceneLighting":false,"audioPlay":false,"sceneViewState":{"showFog":true,"showMaterialUpdate":false,"showSkybox":false,"showFlares":true,"showImageEffects":true,"showParticleSystems":true},"in2DMode":false,"pivot":{"x":3.9499998092651369,"y":0.8400001525878906,"z":5.000000476837158},"rotation":{"x":0.4051443040370941,"y":-0.34757474064826968,"z":0.1699032038450241,"w":0.828463613986969},"size":1.306943416595459,"orthographic":false}